INSERT INTO public.conversation(agentid,clientEmail,clientid,closed) VALUES(55,'example.mail@example.com','46m9z',false);
INSERT INTO public.conversation(agentid,clientEmail,clientid,closed) VALUES(10,'example.mail@example.com',3333,false);
INSERT INTO public.conversation(agentid,clientEmail,clientid,closed) VALUES(2,'example.mail@example.com',4444,false);
INSERT INTO public.conversation(agentid,clientEmail,clientid,closed) VALUES(11,'example.mail@example.com',9999,false);
INSERT INTO public.conversation(agentid,clientEmail,clientid,closed) VALUES(40,'example.mail@example.com','ok45',false);
INSERT INTO public.conversation(agentid,clientEmail,clientid,closed) VALUES(16,'example.mail@example.com',6578,false);
INSERT INTO public.conversation(agentid,clientEmail,clientid,closed) VALUES(20,'example.mail@example.com',9123,false);
INSERT INTO public.conversation(agentid,clientEmail,clientid,closed) VALUES(25,'example.mail@example.com',7456,false);
INSERT INTO public.conversation(agentid,clientEmail,clientid,closed) VALUES(28,'example.mail@example.com',1487,false);
INSERT INTO public.conversation(agentid,clientEmail,clientid,closed) VALUES(30,'example.mail@example.com',8437,false);

INSERT INTO login(agentid,logindate) VALUES (1,to_timestamp('2012-01-03 20:27:53.611','YYYY/MM/DD HH24:MI:SS.MS'));
INSERT INTO login(agentid,logindate) VALUES (1,to_timestamp('2011-02-22 15:22:11.253','YYYY/MM/DD HH24:MI:SS.MS'));
INSERT INTO login(agentid,logindate) VALUES (1,to_timestamp('2015-07-01 23:05:30.126','YYYY/MM/DD HH24:MI:SS.MS'));
INSERT INTO login(agentid,logindate) VALUES (2,to_timestamp('2012-10-25 06:14:50.211','YYYY/MM/DD HH24:MI:SS.MS'));
INSERT INTO login(agentid,logindate) VALUES (2,to_timestamp('2010-01-01 10:55:47.911','YYYY/MM/DD HH24:MI:SS.MS'));
INSERT INTO login(agentid,logindate) VALUES (3,to_timestamp('2016-11-13 22:10:03.011','YYYY/MM/DD HH24:MI:SS.MS'));
INSERT INTO login(agentid,logindate) VALUES (4,to_timestamp('2015-05-05 05:55:55.551','YYYY/MM/DD HH24:MI:SS.MS'));
INSERT INTO login(agentid,logindate) VALUES (4,to_timestamp('2017-01-27 18:17:58.511','YYYY/MM/DD HH24:MI:SS.MS'));
INSERT INTO login(agentid,logindate) VALUES (5,to_timestamp('2017-01-05 15:27:33.311','YYYY/MM/DD HH24:MI:SS.MS'));
INSERT INTO login(agentid,logindate) VALUES (5,to_timestamp('2014-08-22 22:24:58.611','YYYY/MM/DD HH24:MI:SS.MS'));

INSERT INTO message(agentid,clientid,content,senddate,conversation_id, sentby) VALUES (55,'46m9z','csao', to_timestamp('2012-08-22 22:24:58.611','YYYY/MM/DD HH24:MI:SS.MS'),1, 'agent');
INSERT INTO message(agentid,clientid,content,senddate,conversation_id, sentby) VALUES (55,'46m9z', 'mizu?', to_timestamp('2015-08-22 22:24:58.611','YYYY/MM/DD HH24:MI:SS.MS'),1, 'client');
INSERT INTO message(agentid,clientid,content,senddate,conversation_id, sentby) VALUES (40,'ok45', 'nemsok', to_timestamp('2011-07-18 20:23:58.611','YYYY/MM/DD HH24:MI:SS.MS'),5, 'agent');
INSERT INTO message(agentid,clientid,content,senddate,conversation_id, sentby) VALUES (40, 'ok45', 'veled?', to_timestamp('2017-08-21 23:26:58.611','YYYY/MM/DD HH24:MI:SS.MS'),5, 'agent');
INSERT INTO message(agentid,clientid,content,senddate,conversation_id, sentby) VALUES (55,'46m9z', 'itt se sok', to_timestamp('2010-03-11 04:24:58.611','YYYY/MM/DD HH24:MI:SS.MS'),1, 'client');
INSERT INTO message(agentid,clientid,content,senddate,conversation_id, sentby) VALUES (55, '46m9z',  'hogy vagy?', to_timestamp('2016-08-22 22:24:58.611','YYYY/MM/DD HH24:MI:SS.MS'),1, 'client');
INSERT INTO message(agentid,clientid,content,senddate,conversation_id, sentby) VALUES (55, '46m9z', 'koszi meg vagyok', to_timestamp('2017-01-10 14:24:58.611','YYYY/MM/DD HH24:MI:SS.MS'),1, 'client');
INSERT INTO message(agentid,clientid,content,senddate,conversation_id, sentby) VALUES (40, 'ok45', 'es te?', to_timestamp('2009-04-22 22:24:58.611','YYYY/MM/DD HH24:MI:SS.MS'),5, 'agent');
INSERT INTO message(agentid,clientid,content,senddate,conversation_id, sentby)VALUES (40, 'ok45',  'elek', to_timestamp('2017-02-01 10:22:13.341','YYYY/MM/DD HH24:MI:SS.MS'),5, 'agent');
INSERT INTO message(agentid,clientid,content,senddate,conversation_id, sentby) VALUES (40,'ok45', 'na orulok', to_timestamp('2014-03-15 00:00:00.001','YYYY/MM/DD HH24:MI:SS.MS'),5, 'client');

INSERT INTO client_activity(clientid,createdat,target,type) VALUES (1111,to_timestamp('2012-08-12 22:20:58.611','YYYY/MM/DD HH24:MI:SS.MS'),'button','NAVIGATION');
INSERT INTO client_activity(clientid,createdat,target,type) VALUES (3333,to_timestamp('2011-07-02 19:26:20.411','YYYY/MM/DD HH24:MI:SS.MS'),'nav','BUTTON_CLICK');
INSERT INTO client_activity(clientid,createdat,target,type) VALUES (4444,to_timestamp('2016-06-15 15:14:30.311','YYYY/MM/DD HH24:MI:SS.MS'),'menu','INPUT_FOCUSLOSS');
INSERT INTO client_activity(clientid,createdat,target,type) VALUES (9999,to_timestamp('2017-05-24 10:05:40.671','YYYY/MM/DD HH24:MI:SS.MS'),'button','FORM_SUBMIT');
INSERT INTO client_activity(clientid,createdat,target,type) VALUES (1221,to_timestamp('2010-10-30 10:56:12.161','YYYY/MM/DD HH24:MI:SS.MS'),'footer','BUTTON_CLICK');
INSERT INTO client_activity(clientid,createdat,target,type) VALUES (6578,to_timestamp('2012-11-20 23:45:11.461','YYYY/MM/DD HH24:MI:SS.MS'),'header','INPUT_FOCUSLOSS');
INSERT INTO client_activity(clientid,createdat,target,type) VALUES (9123,to_timestamp('2009-12-10 04:24:09.611','YYYY/MM/DD HH24:MI:SS.MS'),'chat','INPUT_FOCUSLOSS');
INSERT INTO client_activity(clientid,createdat,target,type) VALUES (7456,to_timestamp('2016-01-9 07:24:56.211','YYYY/MM/DD HH24:MI:SS.MS'),'plugin','BUTTON_CLICK');
INSERT INTO client_activity(clientid,createdat,target,type) VALUES (1487,to_timestamp('2014-02-23 02:29:32.111','YYYY/MM/DD HH24:MI:SS.MS'),'button','NAVIGATION');
INSERT INTO client_activity(clientid,createdat,target,type) VALUES (8437,to_timestamp('2013-05-13 15:28:25.511','YYYY/MM/DD HH24:MI:SS.MS'),'button','INPUT_FOCUSLOSS');
